Тест-кейсы lady-maria;;;;;;;;;;;;
ID;Название (Title):;Описание( Summary):;;Приоритет (Priority);Предусловия (Preconditions);;Шаги (Steps to reproduce):;;Ожидаемый результат (Expected result):	;;Фактический результат;Фиксация бага
1;Регистрация покупателя;Пользователь успешно регистрируется на сайте;;Высокий;Быть незарегистрированным пользователем;;1. Открыть https://www.lady-maria.ru;;1. Открывается главная страница сайта;;;
;;;;;;;2. Нажать на значок «Ключ»;;2. Открывается страница авторизации/регистрации;;;
;;;;;;;3. Нажать на кнопку «Зарегистрироваться»;;3. Открывается страница регистрации;;;
;;;;;;;4. Ввести валидный контактный телефон в поле «Контактный телефон»;;4. Поле заполняется;;4. Поле заполняется, отображается неудачная верстка поля;Баг 1
;;;;;;;5. Ввести валидные значения в поле  «Контактное лицо (ФИО)»;;5. Поле заполняется;;;
;;;;;;;6. Ввести валидные значения в поле  «email»;;6. Поле заполняется;;;
;;;;;;;7. Ввести валидные значения в поле  «Парольl»;;7. Поле заполняется;;;
;;;;;;;8. Ввести ранее созданный пароль в поле  «Подтвердить пароль»;;8. Поле заполняется;;;
;;;;;;;9. Нажать на кнопку «Зарегистрироваться»;;9. Пользователь успешно регистрируется;;;
2;Ввод валидных значений в поле «Контактное лицо (ФИО)» при регистрации;Система должна правильно реагировать на ввод валидных значений в поле «Контактное лицо (ФИО)» при регистрации;;Высокий;Быть незарегистрированным пользователем;;1. Открыть https://www.lady-maria.ru;;1. Открывается главная страница сайта;;;
;;;;;;;2. Нажать на значок «Ключ»;;2. Открывается страница авторизации/регистрации;;;
;;;;;;;3. Нажать на кнопку «Зарегистрироваться»;;3. Открывается страница регистрации;;;
;;;;;;;4. Заполнить все поля кроме поля «ФИО» валидными значениями;;4. Поля успешно заполнены;;;
;;;;;;;5. Ввести валидные значения на кириллице в поле «ФИО» и нажать на кнопку «Зарегистрироваться»;;5. Пользователь успешно регистрируется;;;
;;;;;;;6. Снова открыть поле для регистрации;;6. Открывается страница регистрации;;;
;;;;;;;7. Ввести валидные значения на латинице в поле «ФИО» и нажать на кнопку «Зарегистрироваться»;;7. Пользователь успешно регистрируется;;;
;;;;;;;8. Снова открыть поле для регистрации;;8. Открывается страница регистрации;;;
;;;;;;;9. Ввести в поле цифры в поле «ФИО» и нажать на кнопку «Зарегистрироваться»;;9. Пользователь успешно регистрируется;;;
;;;;;;;10. Снова открыть поле для регистрации;;10. Открывается страница регистрации;;;
;;;;;;;11. Ввести в поле спец символы в поле «ФИО» и нажать на кнопку «Зарегистрироваться»;;11. Пользователь успешно регистрируется;;;
3;Ввод граничных значений в поле «Контактное лицо ФИО» при регистрации;Система должна правильно реагировать на ввод различных граничных значений в поле «Контактное лицо (ФИО)» при регистрации;;Высокий;Быть незарегистрированным пользователем;;1. Открыть https://www.lady-maria.ru;;1. Открывается главная страница сайта;;;
;;;;;;;2. Нажать на значок «Ключ»;;2. Открывается страница авторизации/регистрации;;;
;;;;;;;3. Нажать на кнопку «Зарегистрироваться»;;3. Открывается страница регистрации;;;
;;;;;;;4. Заполнить все поля кроме поля «ФИО» валидными значениями;;4. Поля успешно заполнены;;;
;;;;;;;5. Вести 1 любой знак (на кириллице, на латинице, цифру, спец символ) в поле «ФИО»;;5. Пользователь успешно регистрируется;;;
;;;;;;;6. Снова открыть поле для регистрации;;6. Открывается страница регистрации;;;
;;;;;;;7. Ввести максимальное количество знаков/букв/симфолов в поле «ФИО»;;7. Пользователь успешно регистрируется;;6. Появляется сообщение об ограничении введенных значений в поле «ФИО»;Баг-фича 2
4;Отсутствие данных  в поле «Контактное лицо ФИО» при регистрации;Система должна правильно реагировать на отсутствие данных в поле «Контактное лицо (ФИО)» при регистрации;;Высокий;Быть незарегистрированным пользователем;;1. Открыть https://www.lady-maria.ru;;1. Открывается главная страница сайта;;;
;;;;;;;2. Нажать на значок «Ключ»;;2. Открывается страница авторизации/регистрации;;;
;;;;;;;3. Нажать на кнопку «Зарегистрироваться»;;3. Открывается страница регистрации;;;
;;;;;;;4. Заполнить все поля кроме поля «ФИО» валидными значениями;;4. Поля успешно заполнены;;;
;;;;;;;5. Оставить поле «ФИО» пустым и нажать на кнопку «Зарегистрироваться»;;5. Страница не обновляется, появляется надпись  рядом с полем «ФИО» «Поле не заполнено»;;;
5;Ввод валидных значений в поле «Контактный телефон» при регистрации;Система должна правильно реагировать на ввод валидных данных в поле «Контактный телефон» при регистрации;;Высокий;Быть незарегистрированным пользователем;;1. Открыть https://www.lady-maria.ru;;1. Открывается главная страница сайта;;;
;;;;;;;2. Нажать на значок «Ключ»;;2. Открывается страница авторизации/регистрации;;;
;;;;;;;3. Нажать на кнопку «Зарегистрироваться»;;3. Открывается страница регистрации;;;
;;;;;;;4. Заполнить все поля кроме поля «Контактный телефон» валидными значениями;;4. Поля успешно заполнены;;;
;;;;;;;5. Ввести в поле «Контактный телефон» данные в формате +7-xxx-xxx-xx-xx и нажать на кнопку «Продолжить» (+7 добавляется автоматически) и нажать на кнопку «Зарегистрироваться»;;5. Пользователь успешно регистрируется;;;
;;;;;;;6. Снова открыть поле для регистрации;;6. Открывается страница регистрации;;;
;;;;;;;7. Ввести в поле «Контактный телефон» данные в формате 8-xxx-xxx-xx-xx и нажать на кнопку «Продолжить» и нажать на кнопку «Зарегистрироваться»;;7. Пользователь успешно регистрируется;;;
6;Ввод невалидных значений в поле «Контактный телефон» при регистрации;Система должна правильно реагировать на ввод невалидных данных в поле «Контактный телефон» при регистрации;;Высокий;Быть незарегистрированным пользователем;;1. Открыть https://www.lady-maria.ru;;1. Открывается главная страница сайта;;;
;;;;;;;2. Нажать на значок «Ключ»;;2. Открывается страница авторизации/регистрации;;;
;;;;;;;3. Нажать на кнопку «Зарегистрироваться»;;3. Открывается страница регистрации;;;
;;;;;;;4. Ввести в поле «Контактный телефон» буквы на кириллице ;;4. Поле не заполняется;;;
;;;;;;;5. Ввести в поле «Контактный телефон» буквы на латинице ;;5. Поле не заполняется;;;
;;;;;;;6. Ввести в поле «Контактный телефон» спец символы ;;6. Поле не заполняется;;;
7;Ввод граничных значений в поле «Контактный телефон» при регистрации;Система должна правильно реагировать на ввод различных граничных значений в поле «Контактный телефон» при регистрации;;Высокий;Быть незарегистрированным пользователем;;1. Открыть https://www.lady-maria.ru;;1. Открывается главная страница сайта;;;
;;;;;;;2. Нажать на значок «Ключ»;;2. Открывается страница авторизации/регистрации;;;
;;;;;;;3. Нажать на кнопку «Зарегистрироваться»;;3. Открывается страница регистрации;;;
;;;;;;;4. Заполнить все поля кроме поля «Контактный телефон» валидными значениями;;4. Поля успешно заполнены;;;
;;;;;;;5. Ввести в поле «Контактный телефон» 9 цифр нажать на кнопку «Зарегистрироваться» (не считая +7);;5. Страница обновляется, появляется надпись  рядом с полем «Контактный телефон» «Укажите телефон в международном формате»;;;
;;;;;;;6. Ввести в поле «Контактный телефон» 11 цифр (не считая +7) на кнопку «Зарегистрироваться»;;6. Поле заполняется только 10ю цифрами и пользователь успешно регистрируется;;;
8;Отсутствие данных  в поле «Контактный телефон» при регистрации;Система должна правильно реагировать на отсутствие данных в поле «Контактный телефон» при регистрации;;Высокий;Быть незарегистрированным пользователем;;1. Открыть https://www.lady-maria.ru;;1. Открывается главная страница сайта;;;
;;;;;;;2. Нажать на значок «Ключ»;;2. Открывается страница авторизации/регистрации;;;
;;;;;;;3. Нажать на кнопку «Зарегистрироваться»;;3. Открывается страница регистрации;;;
;;;;;;;4. Заполнить все поля кроме поля «Контактный телефон» валидными значениями;;4. Поля успешно заполнены;;;
;;;;;;;5. Оставить поле «Контактный телефон» пустым и нажать на кнопку «Зарегистрироваться»;;5. Страница не обновляется, появляется надпись  рядом с полем «Контактный телефон» «Поле не заполнено»;;;
9;Ввод валидных значений в поле «email» при регистрации;Система должна правильно реагировать на ввод валидных значений в поле «Контактный телефон» при регистрации;;Высокий;Быть незарегистрированным пользователем;;1. Открыть https://www.lady-maria.ru;;1. Открывается главная страница сайта;;;
;;;;;;;2. Нажать на значок «Ключ»;;2. Открывается страница авторизации/регистрации;;;
;;;;;;;3. Нажать на кнопку «Зарегистрироваться»;;3. Открывается страница регистрации;;;
;;;;;;;4. Заполнить все поля кроме поля «email» валидными значениями;;4. Поля успешно заполнены;;;
;;;;;;;"5. Ввести в поле «email» валидный email, Имя пользователя (username) может содержать:
- латиницу
- цифры
- знаки! # $ % & ‘ * + — / =? ^ _ ` { | } ~
- точку, за исключением первого и последнего знака, которая не может повторяться.
Имя хоста (hostname) состоит из нескольких компонентов, разделённых точкой и не превышающих 63 символа, и суффиксов (домены первого уровня). 
Имя хоста (hostname) может содержать:
- латиницу
- цифры
- дефисов, причём дефисы не могут быть в начале или в конце компонента.
Длина email не более 320 символов.
Длина домена первого уровня 2-63 буквы после точки.";;5. Пользователь успешно регистрируется;;;
10;Ввод невалидных значений в поле «email» при регистрации;Система должна правильно реагировать на ввод невалидных значений в поле «Контактный телефон» при регистрации;;Высокий;Быть незарегистрированным пользователем;;1. Открыть https://www.lady-maria.ru;;1. Открывается главная страница сайта;;;
;;;;;;;2. Нажать на значок «Ключ»;;2. Открывается страница авторизации/регистрации;;;
;;;;;;;3. Нажать на кнопку «Зарегистрироваться»;;3. Открывается страница регистрации;;;
;;;;;;;4. Заполнить все поля кроме поля «email» валидными значениями;;4. Поля успешно заполнены;;;
;;;;;;;5. Ввести авторизованный email без точек в доменной части в поле «email» и нажать на кнопку «Зарегистрироваться»;;5. Страница обновляется, появляется надпись  рядом с полем «email» «Адрес электронной почты указан неверно»;;;
;;;;;;;6. Снова открыть поле для регистрации;;6. Открывается страница регистрации;;;
;;;;;;;7. Ввести авторизованный email в поле  «email»  без символа @ и нажать на кнопку «Зарегистрироваться»;;7. Страница обновляется, появляется надпись  рядом с полем «email» «Адрес электронной почты указан неверно»;;;
;;;;;;;8. Снова открыть поле для регистрации;;8. Открывается страница регистрации;;;
;;;;;;;9. Ввести авторизованный  email c пробелами в имени аккаунта в поле «email» и нажать на кнопку «Зарегистрироваться»;;9. Страница обновляется, появляется надпись  рядом с полем «email» «Адрес электронной почты указан неверно»;;;
;;;;;;;10. Снова открыть поле для регистрации;;10. Открывается страница регистрации;;;
;;;;;;;11. Ввести авторизованный  email c пробелами в доменной части в поле «email» и нажать на кнопку «Зарегистрироваться»;;11. Страница обновляется, появляется надпись  рядом с полем «email» «Адрес электронной почты указан неверно»;;;
11;Отсутствие данных  в поле «email» при регистрации;Система должна правильно реагировать на отсутствие данных в поле «email» при регистрации;;Высокий;Быть незарегистрированным пользователем;;1. Открыть https://www.lady-maria.ru;;1. Открывается главная страница сайта;;;
;;;;;;;2. Нажать на значок «Ключ»;;2. Открывается страница авторизации/регистрации;;;
;;;;;;;3. Нажать на кнопку «Зарегистрироваться»;;3. Открывается страница регистрации;;;
;;;;;;;4. Заполнить все поля кроме поля «email» валидными значениями;;4. Поля успешно заполнены;;;
;;;;;;;5. Оставить поле «email» пустым и нажать на кнопку «Зарегистрироваться»;;5. Страница не обновляется, появляется надпись  рядом с полем «email» «Поле не заполнено»;;;
12;Ввод валидных значений в поле «Пароль» при регистрации;Система должна правильно реагировать на ввод валидных значений  в поле «email» при регистрации;;Высокий;Быть незарегистрированным пользователем;;1. Открыть https://www.lady-maria.ru;;1. Открывается главная страница сайта;;;
;;;;;;;2. Нажать на значок «Ключ»;;2. Открывается страница авторизации/регистрации;;;
;;;;;;;3. Нажать на кнопку «Зарегистрироваться»;;3. Открывается страница регистрации;;;
;;;;;;;4. Заполнить все поля кроме поля «пароль» валидными значениями (кроме поля «Подтвердить пароль» );;4. Поля успешно заполнены;;;
;;;;;;;5. Ввести 6ти значный пароль, содержащий кириллицу, латиницу, цифры, спец символы в поле «пароль» ( например кs4@ш1 );;5. Поле заполняется;;;
;;;;;;;6. Ввести в поле «Подтвердить пароль» пароль, что ввели в поле «Пароль»;;6. Поле заполняется;;;
;;;;;;;7. Нажать на кнопку «Зарегистрироваться»;;7. Пользователь успешно регистрируется;;;
13;Ввод граничных значений в поле «Пароль» при регистрации;Система должна правильно реагировать на ввод различных граничных значений  в поле «Пароль» при регистрации;;Высокий;Быть незарегистрированным пользователем;;1. Открыть https://www.lady-maria.ru;;1. Открывается главная страница сайта;;;
;;;;;;;2. Нажать на значок «Ключ»;;2. Открывается страница авторизации/регистрации;;;
;;;;;;;3. Нажать на кнопку «Зарегистрироваться»;;3. Открывается страница регистрации;;;
;;;;;;;4. Заполнить все поля кроме поля «пароль» валидными значениями (кроме поля «Подтвердить пароль» );;4. Поля успешно заполнены;;;
;;;;;;;5. Ввести 5ти значный пароль, содержащий кириллицу, латиницу, цифры, спец символы в поле «пароль» ( например кs4@ш1 );;5. Поле заполняется;;;
;;;;;;;6. Ввести в поле «Подтвердить пароль» пароль, что ввели в поле «Пароль»;;6. Поле заполняется;;;
;;;;;;;7. Нажать на кнопку «Зарегистрироваться»;;7. Страница обновляется, появляется надпись  рядом с полем «Пароль» «Пароль должен быть не меньше 6 символов;;;
;;;;;;;8. Снова открыть поле для регистрации;;8. Открывается страница регистрации;;;
;;;;;;;9. Ввести максимально возможное количество символов в поле «пароль»;;9. Поле заполняется;;;
;;;;;;;10. Ввести в поле «Подтвердить пароль» пароль, что ввели в поле «Пароль»;;10. Поле заполняется;;;
;;;;;;;11. Нажать на кнопку «Зарегистрироваться»;;11. Пользователь успешно регистрируется;;;
14;Отсутствие данных  в поле «Пароль» при регистрации;Система должна правильно реагировать на отсутствие  значений  в поле «Пароль» при регистрации;;Высокий;Быть незарегистрированным пользователем;;1. Открыть https://www.lady-maria.ru;;1. Открывается главная страница сайта;;;
;;;;;;;2. Нажать на значок «Ключ»;;2. Открывается страница авторизации/регистрации;;;
;;;;;;;3. Нажать на кнопку «Зарегистрироваться»;;3. Открывается страница регистрации;;;
;;;;;;;4. Заполнить все поля кроме поля «пароль» валидными значениями (кроме поля «Подтвердить пароль» );;4. Поля успешно заполнены;;;
;;;;;;;5. Оставить поле пароль незаполненным и нажать на кнопку «Зарегистрироваться»;;5. Страница не обновляется, курсор попадает на пустое поле «пароль» и появляется надпись «Заполните поле»;;5. Страница не обновляется, курсор попадает на пустое поле «пароль»;Баг-фича 4
15;Ввод действительного пароля в поле ввода «подтвердите пароль» при регистрации;Система должна правильно реагировать на Ввод действительного пароля в поле ввода «подтвердите пароль» при регистрации;;Высокий;Быть незарегистрированным пользователем;;1. Открыть https://www.lady-maria.ru;;1. Открывается главная страница сайта;;;
;;;;;;;2. Нажать на значок «Ключ»;;2. Открывается страница авторизации/регистрации;;;
;;;;;;;3. Нажать на кнопку «Зарегистрироваться»;;3. Открывается страница регистрации;;;
;;;;;;;4. Заполнить все поля кроме поля «Подтвердить пароль» валидными значениями;;4. Поля успешно заполнены;;;
;;;;;;;5. Ввести в поле «Подтвердить пароль» пароль, который был введен в поле «пароль»;;5. Пользователь успешно регистрируется;;;
16;Ввод недействительного пароля в поле ввода «подтвердите пароль» при регистрации;Система должна правильно реагировать на Ввод недействительного пароля в поле ввода «подтвердите пароль» при регистрации;;Высокий;Быть незарегистрированным пользователем;;1. Открыть https://www.lady-maria.ru;;1. Открывается главная страница сайта;;;
;;;;;;;2. Нажать на значок «Ключ»;;2. Открывается страница авторизации/регистрации;;;
;;;;;;;3. Нажать на кнопку «Зарегистрироваться»;;3. Открывается страница регистрации;;;
;;;;;;;4. Заполнить все поля кроме поля «Подтвердить пароль» валидными значениями;;4. Поля успешно заполнены;;;
;;;;;;;5. Ввести в поле «Подтвердить пароль» пароль, который не был введен в поле «пароль»;;5. Страница обновляется, появляется надпись  рядом с полем «Подтвердить пароль» «не совпадает с подтверждением»;;;
17;Отсутствие данных  в поле «подтвердите пароль» при регистрации;Система должна правильно реагировать на отсутствие данных в поле ввода «подтвердите пароль» при регистрации;;Высокий;Быть незарегистрированным пользователем;;1. Открыть https://www.lady-maria.ru;;1. Открывается главная страница сайта;;;
;;;;;;;2. Нажать на значок «Ключ»;;2. Открывается страница авторизации/регистрации;;;
;;;;;;;3. Нажать на кнопку «Зарегистрироваться»;;3. Открывается страница регистрации;;;
;;;;;;;4. Заполнить все поля кроме поля «Подтвердить пароль» валидными значениями;;4. Поля успешно заполнены;;;
;;;;;;;5. Нажать на кнопку «Зарегистрироваться»;;5. Страница не обновляется, появляется надпись  рядом с полем «Подтвердить пароль» «Заполните поле»;;5. Страница не обновляется, курсор попадает на пустое поле «Подтвердить пароль»;Баг-фича 5
18;Регистрация уже авторизованного пользователя;Система должна правильно реагировать на pегистрацию уже авторизованного пользователя;;Высокий;Быть зарегистрированным пользователем;;1. Открыть https://www.lady-maria.ru;;1. Открывается главная страница сайта;;;
;;;;;;;2. Нажать на значок «Ключ»;;2. Открывается страница авторизации/регистрации;;;
;;;;;;;3. Нажать на кнопку «Зарегистрироваться»;;3. Открывается страница регистрации;;;
;;;;;;;4. Заполнить все поля данными уже авторизованного пользователя;;4. Поля успешно заполнены;;;
;;;;;;;5. Нажать на кнопку «Зарегистрироваться»;;5. Страница обновляется, появляется надпись «Пользователь с таким email уже зарегистрирован»;;;
19;Авторизация зарегистрированного пользователя по телефону;Пользователь должен успешно авторизовываться c помощью номера телефона;;Высокий;Быть зарегистрированным пользователем;;1. Открыть https://www.lady-maria.ru;;1. Открывается главная страница сайта;;;
;;;;;;;2. Нажать на значок «Ключ»;;2. Открывается страница авторизации/регистрации;;;
;;;;;;;3. Ввести контактный номер телефона в поле «Телефон или email»;;3. Поле заполняется;;;
;;;;;;;4. Ввести пароль в поле «Пароль»;;4. Поле заполняется;;;
;;;;;;;5. Нажать на кнопку «Войти»;;5. Пользователь успешно авторизуется;;5. Страница обновляется, появляется надпись «Сочетание логина и пароля не подходит»;Баг 6
20;Авторизация зарегистрированного пользователя по email;Пользователь должен успешно авторизовываться с помощью email;;Высокий;Быть зарегистрированным пользователем;;1. Открыть https://www.lady-maria.ru;;1. Открывается главная страница сайта;;;
;;;;;;;2. Нажать на значок «Ключ»;;2. Открывается страница авторизации/регистрации;;;
;;;;;;;3. Ввести email в поле «Телефон или email»;;3. Поле заполняется;;;
;;;;;;;4. Ввести пароль в поле «Пароль»;;4. Поле заполняется;;;
;;;;;;;5. Нажать на кнопку «Войти»;;5. Пользователь успешно авторизуется;;;
21;Авторизация незарегистрированного пользователя по email;Незарегистрированный пользователь не имеет возможности авторизовываться с помощью email;;Высокий;Быть незарегистрированным пользователем;;1. Открыть https://www.lady-maria.ru;;1. Открывается главная страница сайта;;;
;;;;;;;2. Нажать на значок «Ключ»;;2. Открывается страница авторизации/регистрации;;;
;;;;;;;3. Ввести валидный email в поле «Телефон или email»;;3. Поле заполняется;;;
;;;;;;;4. Ввести любой 6тизначный пароль в поле «Пароль»;;4. Поле заполняется;;;
;;;;;;;5. Нажать на кнопку «Войти»;;5. Страница обновляется, появляется надпись «Сочетание логина и пароля не подходит»;;;
22;Авторизация незарегистрированного пользователя по телефону;Незарегистрированный пользователь не имеет возможности авторизовываться с помощью телефона;;Высокий;Быть незарегистрированным пользователем;;1. Открыть https://www.lady-maria.ru;;1. Открывается главная страница сайта;;;
;;;;;;;2. Нажать на значок «Ключ»;;2. Открывается страница авторизации/регистрации;;;
;;;;;;;3. Ввести валидный номер телефона в поле «Телефон или email»;;3. Поле заполняется;;;
;;;;;;;4. Ввести любой 6тизначный пароль в поле «Пароль»;;4. Поле заполняется;;;
;;;;;;;5. Нажать на кнопку «Войти»;;5. Страница обновляется, появляется надпись «Сочетание логина и пароля не подходит»;;;
23;Восстановление пароля по email авторизованного пользователя;При заполнении поля «email» авторизованным пользователем происходит успешное восстановление пароля;;Высокий;Быть зарегистрированным пользователем;;1. Открыть https://www.lady-maria.ru;;1. Открывается главная страница сайта;;;
;;;;;;;2. Нажать на значок «Ключ»;;2. Открывается страница авторизации/регистрации;;;
;;;;;;;3. Нажать на кнопку «Восстановить пароль»;;3. Открывается страница с полем для заполнения «email»;;;
;;;;;;;4. Заполняем поле «email» ;;4. Поле заполняется;;;
;;;;;;;5. Нажать на кнопку «Восстановить пароль»;;5. На почту приходит ссылка для восстановления пароля;;;
;;;;;;;6. Перейти по ссылке в почте для восстановления пароля;;7. Открывается поле на сайте для ввода нового пароля;;;
;;;;;;;8. Ввести новый пароль и подтвердить его;;8. Поля успешно заполняются;;;
;;;;;;;9. Нажать на кнопку «Установить пароль»;;9. Пароль успешно меняется, пользователь попадает на главную страницу сайта в авторизованном состоянии;;;
24;Восстановление  пароля по email незарегистрированным пользователем;При заполнении поля «email» незарегистрированным пользователем невозможно восстановление пароля;;Высокий;Быть незарегистрированным пользователем;;1. Открыть https://www.lady-maria.ru;;1. Открывается главная страница сайта;;;
;;;;;;;2. Нажать на значок «Ключ»;;2. Открывается страница авторизации/регистрации;;;
;;;;;;;3. Нажать на кнопку «Восстановить пароль»;;3. Открывается страница с полем для заполнения «email»;;;
;;;;;;;4. Заполняем поле валидным «email» ;;4. Поле заполняется;;;
;;;;;;;5. Нажать на кнопку «Восстановить пароль»;;5. Страница обновляется, появляется надпись «Данный email не зарегистрирован»;;5. На почту приходит ссылка для восстановления пароля;Баг 7
25;Работа кнопки «Я вспомнил пароль» при восстановлении пароля авторизованным пользователем;При нажатии на кнопку «Я вспомнил пароль» авторизованным пользователем происходит успешная авторизация пользователя;;Высокий;Быть зарегистрированным пользователем;;1. Открыть https://www.lady-maria.ru;;1. Открывается главная страница сайта;;;
;;;;;;;2. Нажать на значок «Ключ»;;2. Открывается страница авторизации/регистрации;;;
;;;;;;;3. Нажать на кнопку «Восстановить пароль»;;3. Открывается страница с полем для заполнения «email»;;;
;;;;;;;4. Нажать на кнопку «Я вспомнил пароль»;;4. Открывается страница авторизации/регистрации;;;
;;;;;;;5. Заполнить поле «телефон или email»;;5. Поле заполняется;;;
;;;;;;;6. Заполнить поле «пароль»;;6. Поле заполняется;;;
;;;;;;;7. Нажать на кнопку «Войти»;;7. Пользователь успешно авторизуется;;;
26;Добавление и удаление товара/товаров в корзину незарегистрированным пользователем;Незарегистрированный пользователь успешно добавляет и удаляет товар/товары в корзину;;Средний ;Быть незарегистрированным пользователем;;1. Открыть https://www.lady-maria.ru;;1. Открывается главная страница сайта;;;
;;;;;;;2. Нажать на любую категорию товаров (например, «Платья»);;2. Открывается страница с товарами выбранной категории;;;
;;;;;;;3. Нажать на конкретный товар;;3. Открывается страница конкретного товара;;;
;;;;;;;4. Нажать на кнопку «В корзину»;;4. Появляется оповещение о том, что товар добавлен в корзину;;;
;;;;;;;5. Закрыть оповещение ;;5. Отображается страница товара;;;
;;;;;;;6. Нажать на значок «Сумка» в верхней части сайта;;6. Товар добавлен в корзину;;;
;;;;;;;7. Нажать на крестик рядом с товаром;;7. Товар удаляется из корзины;;;
27;Добавление и удаление товара/товаров в корзину авторизованным пользователем;Зарегистрированный пользователь успешно добавляет и удаляет товар/товары в корзину;;Высокий ;Быть зарегистрированным пользователем;;1. Открыть https://www.lady-maria.ru;;1. Открывается главная страница сайта;;;
;;;;;;;2. Нажать на значок «Ключ»;;2. Открывается страница авторизации/регистрации;;;
;;;;;;;3. Заполнить поле «телефон или email»;;3. Поле заполняется;;;
;;;;;;;4. Заполнить поле «пароль»;;4. Поле заполняется;;;
;;;;;;;5. Нажать на кнопку «Войти»;;5. Пользователь успешно авторизуется;;;
;;;;;;;6. Открыть https://www.lady-maria.ru;;6. Открывается главная страница сайта;;;
;;;;;;;7. Нажать на любую категорию товаров (например, «Платья»);;7. Открывается выпадающий список с товарами выбранной категории;;;
;;;;;;;8. Нажать на конкретный товар;;8. Открывается страница конкретного товара;;;
;;;;;;;9. Нажать на кнопку «В корзину»;;9. Появляется оповещение о том, что товар добавлен в корзину;;;
;;;;;;;10. Закрыть оповещение ;;10. Отображается страница товара;;;
;;;;;;;11. Нажать на значок «Сумка» в верхней части сайта;;11. Товар добавлен в корзину;;;
;;;;;;;12. Нажать на крестик рядом с товаром;;12. Товар удаляется из корзины;;;
28;Оформление заказа незарегистрированным покупателем;Незарегистрированный покупатель успешно оформляет заказ;;Средний ;Быть незарегистрированным пользователем;;1. Открыть https://www.lady-maria.ru;;1. Открывается главная страница сайта;;;
;;;;;;;2. Нажать на любую категорию товаров (например, «Платья»);;2. Открывается страница с товарами выбранной категории;;;
;;;;;;;3. Нажать на конкретный товар;;3. Открывается страница конкретного товара;;;
;;;;;;;4. Нажать на кнопку «В корзину»;;4. Появляется оповещение о том, что товар добавлен в корзину. В оповещении есть кнопка «Оформить заказ»;;;
;;;;;;;5. Нажать на кнопку «Оформить заказ»;;5. Открывается страница товара с возможностью оформить заказ;;;
;;;;;;;6. Нажать на кнопку «Оформить заказ» на странице товара;;6. Открывается поле оформления заказа;;;
29;Оформление заказа авторизованным покупателем;Зарегистрированный покупатель успешно оформляет заказ;;Высокий ;Быть зарегистрированным пользователем;;1. Открыть https://www.lady-maria.ru;;1. Открывается главная страница сайта;;;
;;;;;;;2. Нажать на значок «Ключ»;;2. Открывается страница авторизации/регистрации;;;
;;;;;;;3. Заполнить поле «телефон или email»;;3. Поле заполняется;;;
;;;;;;;4. Заполнить поле «пароль»;;4. Поле заполняется;;;
;;;;;;;5. Нажать на кнопку «Войти»;;5. Пользователь успешно авторизуется;;;
;;;;;;;6. Открыть https://www.lady-maria.ru;;6. Открывается главная страница сайта;;;
;;;;;;;7. Нажать на любую категорию товаров (например, «Платья»);;7. Открывается страница с товарами выбранной категории;;;
;;;;;;;8. Нажать на конкретный товар;;8. Открывается страница конкретного товара;;;
;;;;;;;9. Нажать на кнопку «В корзину»;;9. Появляется оповещение о том, что товар добавлен в корзину. В оповещении есть кнопка «Оформить заказ»;;;
;;;;;;;10. Нажать на кнопку «Оформить заказ»;;10. Открывается страница товара с возможностью оформить заказ;;;
;;;;;;;11. Нажать на кнопку «Оформить заказ» на странице товара;;11. Открывается поле оформления заказа;;;
30;Добавление и удаление товара/товаров в избранное;Пользователь успешно добавляет и удаляет товар/товары в избранное;;Средний ;;;1. Открыть https://www.lady-maria.ru;;1. Открывается главная страница сайта;;;
;;;;;;;2. Нажать на любую категорию товаров (например, «Платья»);;2. Открывается страница с товарами выбранной категории;;;
;;;;;;;3. Нажать на значок «Cердечко» на конкретном товаре;;3. Появляется оповещение «Товар добавлен в избранное». Значок яркий, его хорошо видно на карточке;;3. 3. Появляется оповещение «Товар добавлен в избранное». Значок неяркий, его плохо видно на карточке;Баг-фича 9
;;;;;;;4. Нажать на значок «Cердечко» в верхней части сайта;;4. Товар добавлен в «Избранное»;;;
;;;;;;;5. Нажать на значок «Cердечко» на товаре в разделе «Избранное»;;5. Товар удаляется из раздела «Избранное»;;;
31;Работа разделов верхней части сайта (header);Копки разделов в верхней части кликабельны и содержат соответствующую разделам информацию;;Высокий ;;;1. Открыть https://www.lady-maria.ru;;1. Открывается главная страница сайта;;;
;;;;;;;2. Нажать на кнопку «Магазины» в верхней части сайта;;2. Открывается страница https://www.lady-maria.ru/page/Stores с соответствующей информацией;;2. Рядом с разделом «Магазины» изображена горизонтальная черта, нажав на которую тоже попадаешь в раздел «Магазины» (фото);Баг 10, 11 
;;;;;;;3. Нажать на кнопку «Как заказать» в верхней части сайта;;3. Открывается страница https://www.lady-maria.ru/page/HowToOrder с соответствующей информацией;;;
;;;;;;;4. Нажать на кнопку «Доставка» в верхней части сайта;;4. Открывается страница https://www.lady-maria.ru/page/delivery с соответствующей информацией;;;
;;;;;;;5. Нажать на кнопку «Оплата» в верхней части сайта;;5. Открывается страница https://www.lady-maria.ru/page/Payment с соответствующей информацией;;;
;;;;;;;6. Нажать на кнопку «Таблица размеров» в верхней части сайта;;6. Открывается страница https://www.lady-maria.ru/page/sizes с соответствующей информацией;;;
;;;;;;;7. Нажать на кнопку «Опт» в верхней части сайта;;7. Открывается страница https://www.lady-maria.ru/page/Opt с соответствующей информацией;;;
;;;;;;;8. Нажать на кнопку «Отзывы» в верхней части сайта;;8. Открывается страница https://www.lady-maria.ru/blogs/blog/first с соответствующей информацией;;;
32;Работа фильтров Каталога;Фильтры каталога полностью выполняют свои функции;;Высокий ;;;1. Открыть https://www.lady-maria.ru;;1. Открывается главная страница сайта;;;
;;;;;;;2. Проматать страницу до разделов каталога;;2. Разделы каталога расположены на черной горизонтальной линии и изображены корректно при сжатом или полном экране;;2. Значок «Проценты» в разделе «Распродажа»наезжает на названия других категорий (фото);Баг 12
;;;;;;;3. Навести курсором на конкретный раздел;;3. Цвет раздела окрашивается в зеленый цвет и появляется выпадающий список с подкатегорими товаров;;2. Выпадающий список выходит не у всех категорий товаров (фото);Баг 8
;;;;;;;4. Нажать на раздел или подкатегорию товаров;;4. Открывается страница с соответствующими разделу товарами;;;
33;Работа разделов в личном кабинете авторизованного пользователя;Копки разделов в личном кабинете кликабельны и содержат соответствующую разделам информацию;;Высокий ;Быть зарегистрированным пользователем;;1. Открыть https://www.lady-maria.ru;;1. Открывается главная страница сайта;;;
;;;;;;;2. Нажать на значок «Ключ»;;2. Открывается страница авторизации/регистрации;;;
;;;;;;;3. Заполнить все поля данными уже авторизованного пользователя;;3. Все поля успешно заполняются;;;
;;;;;;;"4. Нажать на кнопку «Войти""";;4. Пользователь успешно авторизован;;;
;;;;;;;5. Нажать на значок «Ключ»;;5. Открывается личный кабинет пользователя;;;
;;;;;;;6. Нажать на кнопку «История заказов»;;6. Открывается страница https://www.lady-maria.ru/client_account/orders с соответствующей информацией;;;
;;;;;;;7. Нажать на кнопку «Адрес доставки»;;7. Открывается страница https://www.lady-maria.ru/client_account/addresses/new с соответствующей информацией;;;
;;;;;;;8. Нажать на кнопку «Скидки и бонусы»;;8. Открывается страница https://www.lady-maria.ru/client_account/discounts с соответствующей информацией;;;
;;;;;;;9. Нажать на кнопку «Контактные данные;;9. Открывается страница https://www.lady-maria.ru/client_account/contacts с соответствующей информацией;;;
;;;;;;;10. Нажать на кнопку «Выход»;;10. Пользователь выходит из авторизованного состояния;;;
34;Работа поля «Поиск»;Система должна правильно реагировать на ввод различных значений в поле ввода «Поиск»;;Средний ;1. Сохранить любую фотографию с женской одеждой себе на компьютер ;;1. Открыть https://www.lady-maria.ru;;1. Открывается главная страница сайта;;;
;;;;;;;2. Нажать на значок «Лупа» в верхней части сайта;;2. Открывается поле для поиска товаров;;;
;;;;;;;3. Ввести наименование товара, подходящего для данного сайта (например, «Платья»);;3. Появляются карточки товаров с сылками на эти товары;;;
;;;;;;;4. Ввести наименование товара, не подходящего для данного сайта (например, «Карусель»);;4. Поиск не выдает никаких результатов;;;
;;;;;;;5. Очистить поле поиска;;5. Поле поиска пустое;;;
;;;;;;;6. Нажать на иконку загрузки фотографии в поле поиска;;6. Появляется возможность загрузить фотографию;;;
;;;;;;;7. Нажать на кнопку «Выберите файл»;;7. Открывается папка с выбором фотографий;;;
;;;;;;;8. Загрузить фотографию;;8. Появляется возможность выбрать область на фотографии, где лучше видна одежда;;;
;;;;;;;9. Нажать на кнопку «Искать»;;9. Выходят товары, соответствующие изображению на фото;;9. Выходят несоответствующие изображению на загруженном фото товары;Баг 13
35;Работа кнопки «Таблица размеров»;Кнопка кликабельна. При нажатии на нее открывается соответствующая информация ;;Средний ;;;1. Открыть https://www.lady-maria.ru;;1. Открывается главная страница сайта;;;
;;;;;;;2. Нажать на кнопку «Таблица размеров»;;2. Открывается страница https://www.lady-maria.ru/page/sizes с соответствующей информацией;;;
36;Работа кнопки «Смотреть все коллекции»;Кнопка кликабельна. При нажатии на нее открывается соответствующая информация ;;Средний ;;;1. Открыть https://www.lady-maria.ru;;1. Открывается главная страница сайта;;;
;;;;;;;2. Нажать на кнопку «Смотреть все коллекции»;;2. Открывается страница https://www.lady-maria.ru/collection/all с соответствующей информацией;;;
37;Работа слайдера при переключении фотографий в поле « Lady Maria Plus Size»;При перемотке рекламы с помощью слайдера происходит корректная смена рекламы;;Высокий ;;;1. Открыть https://www.lady-maria.ru;;1. Открывается главная страница сайта;;;
;;;;;;;2. Прокрутить вперед рекламу с помощью слайдера в разделе « Lady Maria Plus Size»;;2. Страница не обновляется, реклама не меняется, меняется только изображение моделей, слайдер проматывает рекламу вперед;;;
;;;;;;;3. Прокрутить назад рекламу с помощью слайдера в разделе « Lady Maria Plus Size»;;3. Страница не обновляется, реклама не меняется, меняется только изображение моделей, слайдер проматывает рекламу назад;;;
38;Проверка правильной работы функционала рекламных карточек в блоке «Каталог» ;Карточки с рекламой являются гипер-ссылками, они кликабельны и содержат соответствующую разделам информацию. Все функции карточек выполняемы;;Средний ;;;1. Открыть https://www.lady-maria.ru;;1. Открывается главная страница сайта;;;
;;;;;;;2. Промотать страницу сайта вниз, после раздела «Каталог»;;2. Открываются 4 карточки с рекламой «Готовые капсулы», «Ответы на вопросы», «Скидка», «Распродажа»;;;
;;;;;;;3. Провести курсором по слайдеру внутри карточек;;3. На 1 и 4 карточке проходит анимация «Блик», на 2 и 3 карточках обрамляется название рекламы, карточки затемняются;;;
;;;;;;;4. Нажать на гипер-ссылку рекламы «Готовые капсулы»;;4. Открывается страница https://www.lady-maria.ru/collection/kapsuly с соответствующей информацией;;;
;;;;;;;5. Нажать на гипер-ссылку рекламы «Ответы на вопросы»;;5. Открывается страница https://www.lady-maria.ru/page/faq с соответствующей информацией;;;
;;;;;;;6. Нажать на гипер-ссылку  рекламы «Скидка»;;6. Открывается страница https://www.lady-maria.ru/page/live-2 с соответствующей информацией;;;
;;;;;;;7. Нажать на гипер-ссылку рекламы «Распродажа»;;7. Открывается страница https://www.lady-maria.ru/collection/950 с соответствующей информацией;;;
39;Проверка правильной работы функционала рекламных карточек в блоке «Популярные категории»;Карточки с рекламой являются гипер-ссылками, они кликабельны и содержат соответствующую разделам информацию. Все функции карточек выполняемы;;Средний ;;;1. Открыть https://www.lady-maria.ru;;1. Открывается главная страница сайта;;;
;;;;;;;2. Промотать страницу сайта вниз, до раздела «Популярные категории»;;2. Отображается 4 карточки с рекламой «Блузки», «Куртки», «Платья», «Брюки».;;;
;;;;;;;3. Навести курсором на конкретную рекламную карточку;;3. Название рекламы обрамляется, сама карточка затемняется;;;
;;;;;;;4. Нажать на гипер-ссылку рекламы «Блузки»;;4. Открывается страница https://www.lady-maria.ru/collection/bluzki с соответствующей информацией;;;
;;;;;;;5. Нажать на гипер-ссылку рекламы «Куртки»;;5. Открывается страница https://www.lady-maria.ru/collection/kurtki с соответствующей информацией;;;
;;;;;;;6. Нажать на гипер-ссылку  рекламы «Платья»;;6. Открывается страница https://www.lady-maria.ru/collection/platya с соответствующей информацией;;;
;;;;;;;7. Нажать на гипер-ссылку  рекламы «Брюки»;;7. Открывается страница https://www.lady-maria.ru/collection/bryukiorders с соответствующей информацией;;;
40;Проверка правильной работы функционала рекламных карточек в блоке «Хиты продаж этой недели»» ;Карточки с рекламой являются гипер-ссылками, они кликабельны и содержат соответствующую разделам информацию. Все функции карточек выполняемы;;Средний ;;;1. Открыть https://www.lady-maria.ru;;1. Открывается главная страница сайта;;;
;;;;;;;2. Промотать страницу сайта вниз, до раздела «Хиты продаж этой недели»;;2. Отображается ряд карточек с рекламой товаров, на каждой карточке по три фотографии.;;;
;;;;;;;3. Провести курсором по слайдеру внутри любой карточки;;3. Фотографии перелистываются вперед/назад;;;
;;;;;;;4. Нажать на гипер-ссылку любой карточки;;4. Открывается страница с соответствующим товаром;;;
41;Работа слайдера в блоке «Хиты продаж этой недели»;При перемотке рекламы с помощью слайдера происходит корректная смена рекламы;;Средний ;;;1. Открыть https://www.lady-maria.ru;;1. Открывается главная страница сайта;;;
;;;;;;;2. Промотать страницу сайта вниз, до раздела «Хиты продаж этой недели»;;2. Отображается ряд карточек с рекламой товаров, на каждой карточке по три фотографии. Слайдер по бокам блока (справа, слева);;;
;;;;;;;3. Прокрутить вперед рекламу с помощью слайдера в разделе « Хиты продаж этой недели»;;3. С каждым нажатием на правый слайдер появляется по 1 новому товару;;;
;;;;;;;4. Прокрутить назад рекламу с помощью слайдера в разделе « Хиты продаж этой недели»;;4. С каждым нажатием на левый слайдер возвращается 1 товар;;4. С нажатием на левый слайдер возвращается 2 товара;Баг 14
42;Проверка правильной работы функционала новостных постов в блоке «Блок Леди Мария» ;Карточки с фото поста являются гипер-ссылками, они кликабельны и содержат соответствующую разделам информацию. Все функции карточек выполняемы;;Средний ;;;1. Открыть https://www.lady-maria.ru;;1. Открывается главная страница сайта;;;
;;;;;;;2. Промотать страницу сайта вниз, до новостного блока  «Блок Леди Мария»;;2. Отображаются три новостных поста, с фото и комментариями под фото;;2. На крайнем слева фото неудачная верстка элементов ;Баг 15
;;;;;;;3. Навести курсором на любую карточку новостного блока;;3. Карточка осветляется, анимация «Стрелка» под карточкой приходит в движение;;;
;;;;;;;4. Нажать на гипер-ссылку любой карточки;;4. Открывается страница с соответствующей информацией;;;
43;Работа информационных разделов в блоке «Lady maria»;Копки разделов в блоке «Lady maria» кликабельны и содержат соответствующую разделам информацию;;Средний ;;;1. Открыть https://www.lady-maria.ru;;1. Открывается главная страница сайта;;Открывается страница https://www.lady-maria.ru/# при нажатии на любой раздел;Баг 16
;;;;;;;2. Промотать страницу сайта вниз, до блока «Lady maria»;;2. Отображается 5 карточек с разделами «Модели разработаны с большой любовью», «Оригинальный крой и фасоны», «Акции, подарки, сезонные скидки», «Гарантированный возврат», «Доставка по всей России »;;;
;;;;;;;3. Нажать на карточку с разделом «Модели разработаны с большой любовью»;;3. Открывается страница с соответствующей информацией;;;
;;;;;;;4. Нажать на карточку с разделом «Оригинальный крой и фасоны»;;4. Открывается страница с соответствующей информацией;;;
;;;;;;;5. Нажать на карточку с разделом «Акции, подарки, сезонные скидки»;;5. Открывается страница с соответствующей информацией;;;
;;;;;;;6. Нажать на карточку с разделом «Гарантированный возврат»;;6. Открывается страница с соответствующей информацией;;;
;;;;;;;7. Нажать на карточку с разделом «Доставка по всей России»;;7. Открывается страница с соответствующей информацией;;;
44;Работа раздела «Oтзывы»;Корректная работа раздела раздела «Oтзывы»;;Средний ;;;1. Открыть https://www.lady-maria.ru;;1. Открывается главная страница сайта;;;
;;;;;;;2. Промотать страницу сайта вниз, до блока с отзывами;;2. Отображается зеленое поле с кнопкой «Смотреть фотоотзывы» и постами с отзывами клиентов;;;
;;;;;;;3. Нажать на кнопку «Смотреть фотоотзывы»;;3. Открывается страница с 12тью фотоотзывами. Есть возможность промотать страницы вперед/назад, чтобы открыть еще фотоотзывы слайдером, который расположен в нижней правой части страницы. Все фотоотзывы отображены с корректной версткой и информацией;;3. На фотоотзывах есть некликабельный элемент «Покупка», который не несет в себе никакой информации;Баг 17
;;;;;;;4. Просмотреть текст отзыва на зеленом поле;;4. Текст отзыва грамотно логически и синтексически сформирован, без грамотических ошибок;;4. Логическая ошибка в формировании отзыва;Баг 18
45;Работа слайдера в блоке «Смотреть фотоотзывы»;При перемотке страниц с фотоотзывами в блоке «Смотреть фотоотзывы» с помощью слайдера происходит корректная смена страниц;;Средний ;;;1. Открыть https://www.lady-maria.ru;;1. Открывается главная страница сайта;;;
;;;;;;;2. Промотать страницу сайта вниз, до блока с отзывами;;2. Отображается зеленое поле с кнопкой «Смотреть фотоотзывы» и постами с отзывами клиентов;;;
;;;;;;;3. Нажать на кнопку «Смотреть фотоотзывы»;;3. Открывается страница с 12тью фотоотзывами. Есть возможность промотать страницы вперед/назад, чтобы открыть еще фотоотзывы слайдером, который расположен в нижней правой части страницы. Все фотоотзывы отображены с корректной версткой и информацией;;;
;;;;;;;4. Прокрутить слайдер вперед (правый слайдер);;4. Показывается следующая страница с товарами. При дальнейшем перелистывании страницы, страница прокручивается наверх и отображается  первая фотография на странице;;;
;;;;;;;4. Прокрутить слайдер назад (левый слайдер);;4. Показывается предыдущая страница с товарами. При дальнейшем перелистывании страницы, страница прокручивается наверх и отображается  первая фотография на странице;;;
46;Работа слайдера в блоке «Отзывы»;При перемотке страниц с отзывами в блоке «Отзывы» с помощью слайдера происходит корректная смена страниц;;Средний ;;;1. Открыть https://www.lady-maria.ru;;1. Открывается главная страница сайта;;;
;;;;;;;2. Промотать страницу сайта вниз, до блока с отзывами;;2. Отображается зеленое поле с кнопкой «Смотреть фотоотзывы» и постами с отзывами клиентов;;;
;;;;;;;3. Прокрутить слайдер в поле с отзывами  вперед (правый слайдер);;3. Показывается следующий отзыв;;4. Слайдер не кликабельный, перемотки страницы не происходит;Баг 19
;;;;;;;4. Прокрутить слайдер в поле с отзывами  назад (левый слайдер);;4. Показывается предыдущий отзыв;;5. Слайдер не кликабельный, перемотки страницы не происходит;
47;Работа разделов после блока «Oтзывы»;Карточки с фотографиями в блоке  после блока «Oтзывы» кликабельны и содержат соответствующую разделам информацию;;Средний ;;;1. Открыть https://www.lady-maria.ru;;1. Открывается главная страница сайта;;;
;;;;;;;2. Промотать страницу сайта вниз, ниже блока «Отзывы»;;2. Отображается страница с разделами «Распродажа сезона», «Новинки недели», «Популярные товары». В каждом разделе по три фотографии;;;
;;;;;;;3. Нажать на любую карточку с фотографией в разделе «Распродажа сезона»;;3. Открывается страница с информацией о товаре, который изображен на карточке;;;
;;;;;;;4. Нажать на любую карточку с фотографией в разделе «Новинки недели»;;4. Открывается страница с информацией о товаре, который изображен на карточке;;;
;;;;;;;5. Нажать на любую карточку с фотографией в разделе «Популярные товары»;;5. Открывается страница с информацией о товаре, который изображен на карточке;;;
48;Корректная работа оформления подписки;При вводе валидного email в поле для регистрации подписки, происходит успешная подписка;;Средний ;;;1. Открыть https://www.lady-maria.ru;;1. Открывается главная страница сайта;;;
;;;;;;;2. Промотать страницу сайта вниз до блока с оформлением подписки;;2. Отображается блок на красном фоне с полем для регистрации подписки;;;
;;;;;;;3. Ввести валидный email в поле для регистрации подписки;;3. Поле заполняется;;;
;;;;;;;4. Нажать на кнопку «Подписаться»;;4. Подписка успешно оформлена;;;
49;Корректная работа ссылок на соц сети в разделе «Подписка»;При клике на гипер-ссылку определенной соц сети происходит переход на страницу магазина в выбранной соц сети;;Средний ;;;1. Открыть https://www.lady-maria.ru;;1. Открывается главная страница сайта;;;
;;;;;;;2. Промотать страницу сайта вниз до блока с оформлением подписки;;2. Отображается блок на красном фоне с полем для регистрации подписки. Ниже поля регистрации отображены гипер-ссылки на «OK», «Vkontakte», «YouTube», «Telegram»;;;
;;;;;;;3. Нажать на гипер-ссылку «OK»;;3. Происходит переход на страницу https://ok.ru/lady.maria.shop;;;
;;;;;;;4. Нажать на гипер-ссылку «Vkontakte»;;4. Происходит переход на страницу https://vk.com/club130088129;;;
;;;;;;;5. Нажать на гипер-ссылку «YouTube»;;5. Происходит переход на страницу https://www.youtube.com/channel/UCh2SmYOSu_Ashey28dPCmsQ;;;
;;;;;;;6. Нажать на гипер-ссылку «Telegram»;;6. Происходит переход на страницу https://t.me/ladymariaplussize;;;
50;Возможность просмотра видео-ролика о товаре;При просмотре товара есть возможность просмотра видео с данным товаром;;Средний ;;;1. Открыть https://www.lady-maria.ru;;1. Открывается главная страница сайта;;;
;;;;;;;2. Проматать страницу до разделов каталога;;2. Разделы каталога расположены на черной горизонтальной линии и изображены корректно при сжатом или полном экране;;;
;;;;;;;3. Нажать на любой раздел каталога;;3. Открывается страница с товарами выбранного раздела;;;
;;;;;;;4. Выбрать любой товар из раздела;;4. На карточке товара есть значок «Кружок с указателем направо», Обозначающий наличие видео с этим товаром;;;
;;;;;;;5. Нажать на карточку товара;;5. Отображается страница с информацией о данном товаре;;;
;;;;;;;6. Прокрутить страницу вниз;;6. Слева на странице отображается ссылка на видео с данным товаром;;;
;;;;;;;7. Нажать на ссылку с видео с товаром;;7. Открывается страница с видео с данным товаром;;;
51;Возможность просмотра товара детально в увеличении;При просмотре товара есть возможность просмотра товара детально в увеличении;;Средний ;;;1. Открыть https://www.lady-maria.ru;;1. Открывается главная страница сайта;;;
;;;;;;;2. Проматать страницу до разделов каталога;;2. Разделы каталога расположены на черной горизонтальной линии и изображены корректно при сжатом или полном экране;;;
;;;;;;;3. Нажать на любой раздел каталога;;3. Открывается страница с товарами выбранного раздела;;;
;;;;;;;4. Выбрать любой товар из раздела и нажать на карточку товара;;4. Отображается страница с информацией о данном товаре;;;
;;;;;;;5. Навести курсором на карточку товара;;5. Появляется значок «+», который увеличивает выбранную область товара на карточке;;;